{
    "mean_loss": 0.3903945982456207,
    "mean_accuracy": 0.3903945982456207,
    "mean_auprc": 0.3903945982456207,
    "mean_auroc": 0.3903945982456207,
    "std_loss": 0.020769691094756126,
    "std_accuracy": 0.020769691094756126,
    "std_auprc": 0.020769691094756126,
    "std_auroc": 0.020769691094756126
}