{
    "completed_combinations": 1,
    "total_combinations": 50,
    "current_best_params": {
        "hidden_size": 256,
        "num_layers": 2,
        "dropout_rate": 0.3,
        "learning_rate": 0.01,
        "batch_size": 16,
        "class_weights": [
            1.0,
            6.0
        ],
        "bidirectional": false
    },
    "current_best_metrics": {
        "loss": 0.7133138553570892,
        "accuracy": 0.9152542372881356,
        "auprc": 0.16967507002801122,
        "auroc": 0.7222222222222222,
        "mean_auroc": 0.7222222222222222,
        "mean_auprc": 0.16967507002801122,
        "mean_accuracy": 0.9152542372881356,
        "combined_score": 0.5591129658643118
    },
    "all_results": [
        {
            "params": {
                "hidden_size": 256,
                "num_layers": 2,
                "dropout_rate": 0.3,
                "learning_rate": 0.01,
                "batch_size": 16,
                "class_weights": [
                    1.0,
                    6.0
                ],
                "bidirectional": false
            },
            "metrics": {
                "loss": 0.7133138553570892,
                "accuracy": 0.9152542372881356,
                "auprc": 0.16967507002801122,
                "auroc": 0.7222222222222222,
                "mean_auroc": 0.7222222222222222,
                "mean_auprc": 0.16967507002801122,
                "mean_accuracy": 0.9152542372881356,
                "combined_score": 0.5591129658643118
            }
        }
    ]
}