{
    "mean_loss": 0.4023520350456238,
    "mean_accuracy": 0.4023520350456238,
    "mean_auprc": 0.4023520350456238,
    "mean_auroc": 0.4023520350456238,
    "std_loss": 0.04578620567917824,
    "std_accuracy": 0.04578620567917824,
    "std_auprc": 0.04578620567917824,
    "std_auroc": 0.04578620567917824
}