{
    "mean_loss": 0.4253827929496765,
    "mean_accuracy": 0.4253827929496765,
    "mean_auprc": 0.4253827929496765,
    "mean_auroc": 0.4253827929496765,
    "std_loss": 0.024588895961642265,
    "std_accuracy": 0.024588895961642265,
    "std_auprc": 0.024588895961642265,
    "std_auroc": 0.024588895961642265
}