{
    "mean_loss": 0.44157037138938904,
    "mean_accuracy": 0.44157037138938904,
    "mean_auprc": 0.44157037138938904,
    "mean_auroc": 0.44157037138938904,
    "std_loss": 0.02125839702785015,
    "std_accuracy": 0.02125839702785015,
    "std_auprc": 0.02125839702785015,
    "std_auroc": 0.02125839702785015
}